iteration,total_runs,mean,standard_deviation,min,max,0,1,2,3,4,5,6,7,8,9,10,11,12,13,14,15,16,17,18,19,20,21,22,23,24,25,26,27,28,base
0,41,1.49208e+06,1.29721e+06,22500,4.38495e+06,2.51946e+06,1.38767e+06,2.66731e+06,309251,105386,3.91397e+06,874623,4.38495e+06,345768,991736,2.82998e+06,,,337977,801434,772360,35609.6,22500,2.20561e+06,244955,2.14395e+06,1.92211e+06,992887,2.14534e+06,3.75173e+06,2.81222e+06,34644.6,,1.25213e+06,480470
1,88,21895,16550.9,649.177,68252.8,18504.7,31504.2,,7379.62,17671.7,40418.1,,51624.7,18207.6,23185,16912.7,,,17807.1,46949.1,68252.8,5537.58,15872.8,13372.7,22424.7,15081.2,11766.2,43817.8,649.177,10143.3,6988.52,3272.36,,22201.7,17830.7
2,133,2201.83,1599.99,95.5649,5814.94,5215.63,2855.22,,1409.22,2731.25,2272.26,,618.654,95.5649,3594.03,2857.39,,,455.821,1203.92,2584.15,1063.62,,,97.8168,4386.43,5814.94,,103.938,2394.33,2329.45,1459.34,,3209.35,1687.91
3,175,310.842,239.959,9.45919,913.386,265.16,313.761,,203.611,268.277,,,633.188,17.7309,314.344,207.077,,,559.93,913.386,,458.912,,,9.45919,124.786,,,36.1474,256.424,555.142,,,368.305,89.5233
iteration,total_runs,mean,standard_deviation,min,max,0,1,2,3,4,5,6,7,8,9,10,11,12,13,14,15,16,17,18,19,20,21,22,23,24,25,26,27,28,base
0,297,572490,521802,17376,1.86109e+06,918600,288476,514377,664098,60014.7,943200,173109,1.05885e+06,17376,287034,1.05958e+06,1.86109e+06,1.80289e+06,216952,379853,913922,161651,43325.7,876888,28054.9,536026,260452,458016,337243,1.38523e+06,1.03089e+06,112165,,184013,28838.8
1,346,11186.4,5152.32,2493.52,22029,7817.19,15271.5,,5512.93,15746.1,6578.73,,18494.1,4684.12,14356.1,11947.2,22029,8498.92,7255.94,20359.9,,9317.34,15205.6,13275,8880.63,9409.86,2493.52,6044.7,7675,19193.4,12113.2,11229.4,,10577,6878.77
2,392,3525.85,1550.89,745.52,5647.84,3801.98,4626.96,,1941.11,5374.85,2117.25,,,3224.39,,5318.96,5647.84,2932.32,1270.87,4311.82,,2968.64,745.52,4571.29,5195.54,4632.69,791.92,1095.41,3894.7,2638.85,4186.12,4491.72,,5378.03,3461.71
3,436,1762.4,773.751,217.599,2674.38,2004.87,2403.93,,1089.65,,1169.63,,,2205.85,,2096.87,2453.44,1595.79,921.881,2568.7,,2325.25,217.599,,,1931.62,420.285,564.371,2036.81,1621.99,2587.99,2357.11,,,2674.38
