real_name,obj,constraint
gen=23_member=2300_pso,0.00208222,-1.25673
gen=23_member=2301_pso,0.0139443,-1.23951
gen=23_member=2302_pso,0.00112354,-1.24527
gen=23_member=2303_pso,0.0166389,-1.26143
gen=23_member=2304_pso,0.00176503,-1.25168
gen=23_member=2305_pso,0.000612231,-1.2511
gen=23_member=2306_pso,0.0526367,-1.27604
gen=23_member=2307_pso,0.0139299,-1.23885
gen=23_member=2308_pso,0.0327796,-1.22924
gen=23_member=2309_pso,0.00656073,-1.23708
gen=23_member=2310_pso,0.00140142,-1.24452
gen=23_member=2311_pso,0.0093716,-1.2587
gen=23_member=2312_pso,0.0053976,-1.24257
gen=23_member=2313_pso,0.0422781,-1.22989
gen=23_member=2314_pso,0.0239129,-1.23527
gen=23_member=2315_pso,0.016873,-1.23869
gen=23_member=2316_pso,0.0902371,-1.28105
gen=23_member=2317_pso,0.000605805,-1.24824
gen=23_member=2318_pso,0.0829546,-1.28227
gen=23_member=2319_pso,0.00371019,-1.25558
gen=23_member=2320_pso,0.00674127,-1.23918
gen=23_member=2321_pso,0.000764222,-1.24357
gen=23_member=2322_pso,0.0971751,-1.22027
gen=23_member=2323_pso,0.011799,-1.23795
gen=23_member=2324_pso,0.000124762,-1.24821
gen=23_member=2325_pso,0.000250402,-1.25119
gen=23_member=2326_pso,0.00422555,-1.25623
gen=23_member=2327_pso,0.56073,-1.17169
gen=23_member=2328_pso,0.0219183,-1.2383
gen=23_member=2329_pso,0.0340127,-1.2708
gen=23_member=2330_pso,0.000361083,-1.25226
gen=23_member=2331_pso,0.0682966,-1.22379
gen=23_member=2332_pso,0.116105,-1.21771
gen=23_member=2333_pso,0.0926141,-1.21953
gen=23_member=2334_pso,0.000736844,-1.24793
gen=23_member=2335_pso,0.0109066,-1.26043
gen=23_member=2336_pso,0.0217126,-1.23615
gen=23_member=2337_pso,0.0781483,-1.2203
gen=23_member=2338_pso,0.161575,-1.29776
gen=23_member=2339_pso,0.316745,-1.19193
gen=23_member=2340_pso,0.0720811,-1.28042
gen=23_member=2341_pso,0.145605,-1.29018
gen=23_member=2342_pso,0.0154198,-1.23761
gen=23_member=2343_pso,0.00855465,-1.26175
gen=23_member=2344_pso,0.0144874,-1.23647
gen=23_member=2345_pso,0.152717,-1.29304
gen=23_member=2346_pso,0.375653,-1.18562
gen=23_member=2347_pso,0.0154703,-1.23822
gen=23_member=2348_pso,0.00423784,-1.24235
gen=23_member=2349_pso,0.0453241,-1.28261
gen=23_member=2350_pso,0.00334931,-1.24413
gen=23_member=2351_pso,0.000127787,-1.24968
gen=23_member=2352_pso,0.0773718,-1.22187
gen=23_member=2353_pso,0.00561892,-1.24223
gen=23_member=2354_pso,0.00836669,-1.24235
gen=23_member=2355_pso,0.0574732,-1.27734
gen=23_member=2356_pso,0.0862066,-1.2323
gen=23_member=2357_pso,0.0315061,-1.27167
gen=23_member=2358_pso,0.297424,-1.19273
gen=23_member=2359_pso,0.0322231,-1.27021
gen=23_member=2360_pso,0.00701462,-1.24119
gen=23_member=2361_pso,0.0094315,-1.23925
gen=23_member=2362_pso,0.00127935,-1.24471
gen=23_member=2363_pso,0.0584092,-1.22938
gen=23_member=2364_pso,0.0390064,-1.22853
gen=23_member=2365_pso,0.0471739,-1.22339
gen=23_member=2366_pso,0.00701668,-1.25719
gen=23_member=2367_pso,0.278759,-1.19742
gen=23_member=2368_pso,0.00787225,-1.25693
gen=23_member=2369_pso,0.00252849,-1.26081
gen=23_member=2370_pso,0.000216529,-1.24764
gen=23_member=2371_pso,0.00781568,-1.25817
gen=23_member=2372_pso,0.133481,-1.29816
gen=23_member=2373_pso,0.000251202,-1.24753
gen=23_member=2374_pso,0.0994782,-1.21994
gen=23_member=2375_pso,0.859087,-1.15491
gen=23_member=2376_pso,0.104814,-1.21418
gen=23_member=2377_pso,0.00115811,-1.24794
gen=23_member=2378_pso,0.00149409,-1.25293
gen=23_member=2379_pso,0.0243208,-1.2697
gen=23_member=2380_pso,0.136977,-1.28841
gen=23_member=2381_pso,0.00042855,-1.2514
gen=23_member=2382_pso,0.00760234,-1.26108
gen=23_member=2383_pso,0.000882277,-1.24553
gen=23_member=2384_pso,0.00321354,-1.24789
gen=23_member=2385_pso,0.127008,-1.21355
gen=23_member=2386_pso,0.0160155,-1.26276
gen=23_member=2387_pso,0.00277693,-1.24716
gen=23_member=2388_pso,1.34281,-1.11886
gen=23_member=2389_pso,0.00229406,-1.24506
gen=23_member=2390_pso,0.00310516,-1.25843
gen=23_member=2391_pso,0.0315242,-1.23335
gen=23_member=2392_pso,0.00142991,-1.25418
gen=23_member=2393_pso,0.0336486,-1.27153
gen=23_member=2394_pso,1.6723,-1.38945
gen=23_member=2395_pso,0.00731793,-1.26117
gen=23_member=2396_pso,0.149245,-1.29009
gen=23_member=2397_pso,0.157339,-1.21401
gen=23_member=2398_pso,0.00113832,-1.24515
gen=23_member=2399_pso,0.0220538,-1.2359
