iteration,total_runs,mean,standard_deviation,min,max,0,1,2,3,4,5,6,7,8,9,10,11,12,13,14,15,16,17,18,19,20,21,22,23,24,25,26,27,28,29,30,31,32,33,34,35,36,37,base
0,51,2.76705e+06,1.42514e+07,0,8.66484e+07,0,0,0,0,,0,0,0,0,0,0,0,435600,0,0,0,,0,0,0,8.66484e+07,4.41e+06,0,0,0,0,0,0,0,0,0,0,0,0,3.4289e+06,0,0,7.4579e+06,0
1,108,170364,557661,0,2.0761e+06,0,0,0,0,,0,0,0,0,0,0,0,160000,0,0,0,,0,0,0,,1.96e+06,0,0,0,0,0,0,0,0,0,0,0,0,1.937e+06,0,0,2.0761e+06,0
2,164,1603.03,9208.71,0,52900,0,0,0,0,,0,0,0,0,0,0,0,52900,0,0,0,,0,0,0,,,0,0,0,0,0,0,0,0,0,0,0,0,,0,0,,0
3,217,0,0,0,0,0,0,0,0,,0,0,0,0,0,0,0,,0,0,0,,0,0,0,,,0,0,0,0,0,0,0,0,0,0,0,0,,0,0,,0
iteration,total_runs,mean,standard_deviation,min,max,0,1,2,3,4,5,6,7,8,9,10,11,12,13,14,15,16,17,18,19,20,21,22,23,24,25,26,27,28,29,30,31,32,33,34,35,36,37,base
0,315,2.76705e+06,1.42514e+07,0,8.66484e+07,0,0,0,0,,0,0,0,0,0,0,0,435600,0,0,0,,0,0,0,8.66484e+07,4.41e+06,0,0,0,0,0,0,0,0,0,0,0,0,3.4289e+06,0,0,7.4579e+06,0
1,372,170364,557661,0,2.0761e+06,0,0,0,0,,0,0,0,0,0,0,0,160000,0,0,0,,0,0,0,,1.96e+06,0,0,0,0,0,0,0,0,0,0,0,0,1.937e+06,0,0,2.0761e+06,0
2,428,1603.03,9208.71,0,52900,0,0,0,0,,0,0,0,0,0,0,0,52900,0,0,0,,0,0,0,,,0,0,0,0,0,0,0,0,0,0,0,0,,0,0,,0
3,481,0,0,0,0,0,0,0,0,,0,0,0,0,0,0,0,,0,0,0,,0,0,0,,,0,0,0,0,0,0,0,0,0,0,0,0,,0,0,,0
