real_name,pi_const1,pi_const2,pi_const3,pi_const4,pi_const5,pi_const6,pi_const7,pi_const8,pi_const9,pi_const10,pi_const11,pi_const12,pi_const13,pi_const14,pi_const15,pi_const16,pi_const17,pi_const18,pi_const19,pi_const20,pi_const21,pi_const22,pi_const23,pi_const24
gen=1_member=100_pso,42827.569287037476897,42827.569287037476897,64975.054883398115635,64975.054883398115635,34578.591843601316214,34578.591843601316214,39273.153509711846709,39273.153509711846709,42827.569287037476897,42827.569287037476897,64975.054883398115635,64975.054883398115635,34578.591843601316214,34578.591843601316214,39273.153509711846709,39273.153509711846709,139143.42186297290027,139143.42186297290027,491631.47585466504097,491631.47585466504097,286058.12581023201346,286058.12581023201346,216823.01190099678934,216823.01190099678934
gen=1_member=101_pso,40756.826155488372024,40756.826155488372024,41510.393080807574734,41510.393080807574734,52760.81897049525287,52760.81897049525287,63715.003856365568936,63715.003856365568936,40756.826155488372024,40756.826155488372024,41510.393080807574734,41510.393080807574734,52760.81897049525287,52760.81897049525287,63715.003856365568936,63715.003856365568936,164885.79711888119346,164885.79711888119346,571058.34539384581149,571058.34539384581149,482039.11421457945835,482039.11421457945835,78034.97226498182863,78034.97226498182863
gen=1_member=102_pso,79465.5553765570221,79465.5553765570221,74856.624231954134302,74856.624231954134302,73168.345358467922779,73168.345358467922779,104864.87378317807452,104864.87378317807452,79465.5553765570221,79465.5553765570221,74856.624231954134302,74856.624231954134302,73168.345358467922779,73168.345358467922779,104864.87378317807452,104864.87378317807452,168081.26617613452254,168081.26617613452254,74856.624231954134302,74856.624231954134302,539206.08959597093053,539206.08959597093053,302703.54442436713725,302703.54442436713725
gen=1_member=103_pso,46400.752433625326375,46400.752433625326375,60939.669941090018256,60939.669941090018256,56669.578029570868239,56669.578029570868239,73479.4078475330316,73479.4078475330316,46400.752433625326375,46400.752433625326375,60939.669941090018256,60939.669941090018256,56669.578029570868239,56669.578029570868239,73479.4078475330316,73479.4078475330316,335751.19086957711261,335751.19086957711261,723549.27912262978498,723549.27912262978498,466647.20872606500052,466647.20872606500052,218179.38127382830135,218179.38127382830135
gen=1_member=104_pso,37543.075387489938294,37543.075387489938294,58854.880159869040654,58854.880159869040654,69874.763979017487145,69874.763979017487145,71687.442793973736116,71687.442793973736116,37543.075387489938294,37543.075387489938294,58854.880159869040654,58854.880159869040654,69874.763979017487145,69874.763979017487145,71687.442793973736116,71687.442793973736116,595679.20083814999089,595679.20083814999089,587312.85022293124348,587312.85022293124348,600568.43746076000389,600568.43746076000389,358438.55386866047047,358438.55386866047047
gen=1_member=105_pso,41400.744478127380717,41400.744478127380717,78728.984287895815214,78728.984287895815214,39737.487093167874264,39737.487093167874264,69017.029086742171785,69017.029086742171785,41400.744478127380717,41400.744478127380717,78728.984287895815214,78728.984287895815214,39737.487093167874264,39737.487093167874264,69017.029086742171785,69017.029086742171785,272707.17117521096952,272707.17117521096952,184106.22945714637171,184106.22945714637171,536738.92648433812428,536738.92648433812428,69017.029086742171785,69017.029086742171785
gen=1_member=106_pso,72409.387565365832415,72409.387565365832415,105031.55944641538372,105031.55944641538372,86379.144265071619884,86379.144265071619884,86076.13420082902303,86076.13420082902303,72409.387565365832415,72409.387565365832415,105031.55944641538372,105031.55944641538372,86379.144265071619884,86379.144265071619884,86076.13420082902303,86076.13420082902303,451096.2177919667447,451096.2177919667447,242871.53560281207319,242871.53560281207319,700527.09085863362998,700527.09085863362998,405161.1376744438312,405161.1376744438312
gen=1_member=107_pso,44906.862522500945488,44906.862522500945488,67790.176306109409779,67790.176306109409779,72953.102330707362853,72953.102330707362853,38301.035572736771428,38301.035572736771428,44906.862522500945488,44906.862522500945488,67790.176306109409779,67790.176306109409779,72953.102330707362853,72953.102330707362853,38301.035572736771428,38301.035572736771428,162528.79474045787356,162528.79474045787356,300232.96603759855498,300232.96603759855498,72953.102330707362853,72953.102330707362853,38301.035572736771428,38301.035572736771428
gen=1_member=108_pso,48294.900738193813595,48294.900738193813595,56933.209359778018552,56933.209359778018552,35376.350859683137969,35376.350859683137969,40656.986219706435804,40656.986219706435804,48294.900738193813595,48294.900738193813595,56933.209359778018552,56933.209359778018552,35376.350859683137969,35376.350859683137969,40656.986219706435804,40656.986219706435804,289022.4978316622437,289022.4978316622437,610954.53090247744694,610954.53090247744694,633129.16448657843284,633129.16448657843284,300621.73990053829039,300621.73990053829039
gen=1_member=109_pso,50845.098261039645877,50845.098261039645877,57051.160773833100393,57051.160773833100393,61310.518231018999359,61310.518231018999359,28790.356183721261914,28790.356183721261914,50845.098261039645877,50845.098261039645877,57051.160773833100393,57051.160773833100393,61310.518231018999359,61310.518231018999359,28790.356183721261914,28790.356183721261914,63110.044889909913763,63110.044889909913763,97019.823611108527984,97019.823611108527984,61310.518231018999359,61310.518231018999359,28790.356183721261914,28790.356183721261914
gen=1_member=110_pso,81869.167792819527676,81869.167792819527676,89665.993973232383723,89665.993973232383723,84433.690075584308943,84433.690075584308943,93355.103387720300816,93355.103387720300816,81869.167792819527676,81869.167792819527676,89665.993973232383723,89665.993973232383723,84433.690075584308943,84433.690075584308943,93355.103387720300816,93355.103387720300816,81869.167792819527676,81869.167792819527676,352748.30411569523858,352748.30411569523858,649060.95473892835435,649060.95473892835435,547090.67734624282457,547090.67734624282457
gen=1_member=111_pso,26077.79236116832908,26077.79236116832908,73399.096526482753688,73399.096526482753688,57058.231062558414123,57058.231062558414123,76981.77392005774891,76981.77392005774891,26077.79236116832908,26077.79236116832908,73399.096526482753688,73399.096526482753688,57058.231062558414123,57058.231062558414123,76981.77392005774891,76981.77392005774891,541399.76250902819447,541399.76250902819447,165718.88557946082437,165718.88557946082437,293120.96582169819158,293120.96582169819158,413034.80409393151058,413034.80409393151058
gen=1_member=112_pso,68489.211353557009716,68489.211353557009716,94681.080872153528617,94681.080872153528617,61955.073622517622425,61955.073622517622425,71016.379864728020038,71016.379864728020038,68489.211353557009716,68489.211353557009716,94681.080872153528617,94681.080872153528617,61955.073622517622425,61955.073622517622425,71016.379864728020038,71016.379864728020038,68489.211353557009716,68489.211353557009716,133524.73096662550233,133524.73096662550233,989270.05929864675272,989270.05929864675272,226254.41469609172782,226254.41469609172782
gen=1_member=113_pso,9241.3336254723344609,9241.3336254723344609,68170.62294156414282,68170.62294156414282,55883.703211092783022,55883.703211092783022,19076.275048012288607,19076.275048012288607,9241.3336254723344609,9241.3336254723344609,68170.62294156414282,68170.62294156414282,55883.703211092783022,55883.703211092783022,19076.275048012288607,19076.275048012288607,961798.78102294553537,961798.78102294553537,720351.7133976748446,720351.7133976748446,388932.66157705028309,388932.66157705028309,33996.882027533778455,33996.882027533778455
gen=1_member=114_pso,64015.832651042263024,64015.832651042263024,76014.324405697218026,76014.324405697218026,67296.643385945018963,67296.643385945018963,76432.003698363478179,76432.003698363478179,64015.832651042263024,64015.832651042263024,76014.324405697218026,76014.324405697218026,67296.643385945018963,67296.643385945018963,76432.003698363478179,76432.003698363478179,168004.278741808841,168004.278741808841,113036.74317571985011,113036.74317571985011,496909.44891459390055,496909.44891459390055,316450.49702704179799,316450.49702704179799
gen=1_member=115_pso,29288.73098291001952,29288.73098291001952,44754.899215270808781,44754.899215270808781,18892.845720193545276,18892.845720193545276,42948.510967127425829,42948.510967127425829,29288.73098291001952,29288.73098291001952,44754.899215270808781,44754.899215270808781,18892.845720193545276,18892.845720193545276,42948.510967127425829,42948.510967127425829,161584.36822802788811,161584.36822802788811,44754.899215270808781,44754.899215270808781,320026.287935629196,320026.287935629196,529379.6625834585866,529379.6625834585866
gen=1_member=116_pso,45377.068545155460015,45377.068545155460015,50551.190629373159027,50551.190629373159027,50000,50000,82411.569955050494173,82411.569955050494173,45377.068545155460015,45377.068545155460015,50551.190629373159027,50551.190629373159027,50000,50000,82411.569955050494173,82411.569955050494173,609696.56899580894969,609696.56899580894969,173351.379275269137,173351.379275269137,318560.2220498098759,318560.2220498098759,82411.569955050494173,82411.569955050494173
gen=1_member=117_pso,64953.132474874772015,64953.132474874772015,76644.789831114481785,76644.789831114481785,81295.932058601261815,81295.932058601261815,100976.50798024481628,100976.50798024481628,64953.132474874772015,64953.132474874772015,76644.789831114481785,76644.789831114481785,81295.932058601261815,81295.932058601261815,100976.50798024481628,100976.50798024481628,440016.85996630752925,440016.85996630752925,507269.059858096065,507269.059858096065,607358.64549305930268,607358.64549305930268,343743.70439564873232,343743.70439564873232
gen=1_member=118_pso,79495.127990107474034,79495.127990107474034,84635.124907864243141,84635.124907864243141,84635.124907864243141,84635.124907864243141,92699.803082083788468,92699.803082083788468,79495.127990107474034,79495.127990107474034,84635.124907864243141,84635.124907864243141,84635.124907864243141,84635.124907864243141,92699.803082083788468,92699.803082083788468,79495.127990107474034,79495.127990107474034,684699.41301659750752,684699.41301659750752,656601.03929598373361,656601.03929598373361,92699.803082083788468,92699.803082083788468
gen=1_member=119_pso,40346.707451385766035,40346.707451385766035,17407.414722891408019,17407.414722891408019,59996.563005401520059,59996.563005401520059,86787.148049118899507,86787.148049118899507,40346.707451385766035,40346.707451385766035,17407.414722891408019,17407.414722891408019,59996.563005401520059,59996.563005401520059,86787.148049118899507,86787.148049118899507,40439.125670268986141,40439.125670268986141,152297.18226554791909,152297.18226554791909,629790.89139971020631,629790.89139971020631,286936.14883093733806,286936.14883093733806
gen=1_member=120_pso,39803.729547343806189,39803.729547343806189,60868.599077717546606,60868.599077717546606,53173.899456672479573,53173.899456672479573,67720.750582620006753,67720.750582620006753,39803.729547343806189,39803.729547343806189,60868.599077717546606,60868.599077717546606,53173.899456672479573,53173.899456672479573,67720.750582620006753,67720.750582620006753,62108.372704733868886,62108.372704733868886,464848.70408629684243,464848.70408629684243,421543.84273924242007,421543.84273924242007,383170.68754396273289,383170.68754396273289
gen=1_member=121_pso,53840.218546577758389,53840.218546577758389,67509.988364625634858,67509.988364625634858,46476.007951989246067,46476.007951989246067,45082.478188218970899,45082.478188218970899,53840.218546577758389,53840.218546577758389,67509.988364625634858,67509.988364625634858,46476.007951989246067,46476.007951989246067,45082.478188218970899,45082.478188218970899,311492.11447680252604,311492.11447680252604,431017.92319737235084,431017.92319737235084,892912.06900159874931,892912.06900159874931,94784.238424857569044,94784.238424857569044
gen=1_member=122_pso,49822.393671241770789,49822.393671241770789,79844.163485484401463,79844.163485484401463,94761.325682065187721,94761.325682065187721,104040.07262703792367,104040.07262703792367,49822.393671241770789,49822.393671241770789,79844.163485484401463,79844.163485484401463,94761.325682065187721,94761.325682065187721,104040.07262703792367,104040.07262703792367,647487.69882905995473,647487.69882905995473,79844.163485484401463,79844.163485484401463,94761.325682065187721,94761.325682065187721,291526.37919798772782,291526.37919798772782
gen=1_member=123_pso,67417.123209826429957,67417.123209826429957,67417.123209826429957,67417.123209826429957,27847.499554983471171,27847.499554983471171,50011.797104822697293,50011.797104822697293,67417.123209826429957,67417.123209826429957,67417.123209826429957,67417.123209826429957,27847.499554983471171,27847.499554983471171,50011.797104822697293,50011.797104822697293,305840.25076113030082,305840.25076113030082,453553.38672726985533,453553.38672726985533,155166.47524801135296,155166.47524801135296,50011.797104822697293,50011.797104822697293
gen=1_member=124_pso,60412.447340257756878,60412.447340257756878,77087.288465851248475,77087.288465851248475,67839.063536492059939,67839.063536492059939,62841.820261079017655,62841.820261079017655,60412.447340257756878,60412.447340257756878,77087.288465851248475,77087.288465851248475,67839.063536492059939,67839.063536492059939,62841.820261079017655,62841.820261079017655,463670.28743074304657,463670.28743074304657,644857.75527174468152,644857.75527174468152,319394.75063299050089,319394.75063299050089,62841.820261079017655,62841.820261079017655
gen=1_member=125_pso,75072.754871367971646,75072.754871367971646,96707.824256030187826,96707.824256030187826,31966.400184182381054,31966.400184182381054,99470.414677985827439,99470.414677985827439,75072.754871367971646,75072.754871367971646,96707.824256030187826,96707.824256030187826,31966.400184182381054,31966.400184182381054,99470.414677985827439,99470.414677985827439,75072.754871367971646,75072.754871367971646,747337.65844928484876,747337.65844928484876,192876.59063849726226,192876.59063849726226,99470.414677985827439,99470.414677985827439
gen=1_member=126_pso,21227.171803602988803,21227.171803602988803,35577.180570140044438,35577.180570140044438,52322.587547896000615,52322.587547896000615,37924.552925710406271,37924.552925710406271,21227.171803602988803,21227.171803602988803,35577.180570140044438,35577.180570140044438,52322.587547896000615,52322.587547896000615,37924.552925710406271,37924.552925710406271,456743.93150540645001,456743.93150540645001,350757.96139183756895,350757.96139183756895,157258.4580933500838,157258.4580933500838,37924.552925710406271,37924.552925710406271
gen=1_member=127_pso,57596.794712103750498,57596.794712103750498,79789.364315711834934,79789.364315711834934,80557.179971209261566,80557.179971209261566,57474.005135560881172,57474.005135560881172,57596.794712103750498,57596.794712103750498,79789.364315711834934,79789.364315711834934,80557.179971209261566,80557.179971209261566,57474.005135560881172,57474.005135560881172,362116.76554316317197,362116.76554316317197,79789.364315711834934,79789.364315711834934,80557.179971209261566,80557.179971209261566,57474.005135560881172,57474.005135560881172
gen=1_member=128_pso,30901.734611110499827,30901.734611110499827,46809.763632781738124,46809.763632781738124,50000,50000,32242.761908136999409,32242.761908136999409,30901.734611110499827,30901.734611110499827,46809.763632781738124,46809.763632781738124,50000,50000,32242.761908136999409,32242.761908136999409,30901.734611110499827,30901.734611110499827,540457.31739685800858,540457.31739685800858,367407.23271249548998,367407.23271249548998,561983.58865916111972,561983.58865916111972
gen=1_member=129_pso,55753.918702828021196,55753.918702828021196,93291.829678292953759,93291.829678292953759,57787.468676980810415,57787.468676980810415,80209.715136146100122,80209.715136146100122,55753.918702828021196,55753.918702828021196,93291.829678292953759,93291.829678292953759,57787.468676980810415,57787.468676980810415,80209.715136146100122,80209.715136146100122,764681.06649444403592,764681.06649444403592,193360.58369267551461,193360.58369267551461,57787.468676980810415,57787.468676980810415,80209.715136146100122,80209.715136146100122
gen=1_member=130_pso,49979.313331464814837,49979.313331464814837,84659.135587744094664,84659.135587744094664,45387.049522986926604,45387.049522986926604,65751.805060759870685,65751.805060759870685,49979.313331464814837,49979.313331464814837,84659.135587744094664,84659.135587744094664,45387.049522986926604,45387.049522986926604,65751.805060759870685,65751.805060759870685,132780.8238657535403,132780.8238657535403,141013.77921555479406,141013.77921555479406,433282.65157647471642,433282.65157647471642,618187.02281537500676,618187.02281537500676
gen=1_member=131_pso,33566.618595628387993,33566.618595628387993,59536.800135032579419,59536.800135032579419,65752.197889387913165,65752.197889387913165,74723.69359544114559,74723.69359544114559,33566.618595628387993,33566.618595628387993,59536.800135032579419,59536.800135032579419,65752.197889387913165,65752.197889387913165,74723.69359544114559,74723.69359544114559,385879.6620114861289,385879.6620114861289,693227.21127664006781,693227.21127664006781,317005.02313070744276,317005.02313070744276,74723.69359544114559,74723.69359544114559
gen=1_member=132_pso,57304.503626208781498,57304.503626208781498,58885.563684978464153,58885.563684978464153,57062.690952868302702,57062.690952868302702,52693.06515000219224,52693.06515000219224,57304.503626208781498,57304.503626208781498,58885.563684978464153,58885.563684978464153,57062.690952868302702,57062.690952868302702,52693.06515000219224,52693.06515000219224,251326.60803090778063,251326.60803090778063,421573.08329546183813,421573.08329546183813,137098.6685762166162,137098.6685762166162,52693.06515000219224,52693.06515000219224
gen=1_member=133_pso,46871.282386183724157,46871.282386183724157,25850.483369947043684,25850.483369947043684,53662.018352264800342,53662.018352264800342,23320.243365103833639,23320.243365103833639,46871.282386183724157,46871.282386183724157,25850.483369947043684,25850.483369947043684,53662.018352264800342,53662.018352264800342,23320.243365103833639,23320.243365103833639,46871.282386183724157,46871.282386183724157,264154.2005669081118,264154.2005669081118,53662.018352264800342,53662.018352264800342,23320.243365103833639,23320.243365103833639
gen=1_member=134_pso,43586.362955001954106,43586.362955001954106,51872.82601829682244,51872.82601829682244,66280.466229656987707,66280.466229656987707,46331.459103054745356,46331.459103054745356,43586.362955001954106,43586.362955001954106,51872.82601829682244,51872.82601829682244,66280.466229656987707,66280.466229656987707,46331.459103054745356,46331.459103054745356,414386.31057076196885,414386.31057076196885,269955.87547517893836,269955.87547517893836,98472.201161180899362,98472.201161180899362,46331.459103054745356,46331.459103054745356
gen=1_member=135_pso,75581.770992810721509,75581.770992810721509,102975.84185783704743,102975.84185783704743,76682.008199848089134,76682.008199848089134,117927.76153951704327,117927.76153951704327,75581.770992810721509,75581.770992810721509,102975.84185783704743,102975.84185783704743,76682.008199848089134,76682.008199848089134,117927.76153951704327,117927.76153951704327,217639.74472427385626,217639.74472427385626,184510.85599109707982,184510.85599109707982,379478.4574542271439,379478.4574542271439,418456.06672835774953,418456.06672835774953
gen=1_member=136_pso,64753.704480382570182,64753.704480382570182,75910.695723097582231,75910.695723097582231,76634.488355876281275,76634.488355876281275,93343.105134963043383,93343.105134963043383,64753.704480382570182,64753.704480382570182,75910.695723097582231,75910.695723097582231,76634.488355876281275,76634.488355876281275,93343.105134963043383,93343.105134963043383,471993.5646834821091,471993.5646834821091,604899.49851045268588,604899.49851045268588,390907.05701926024631,390907.05701926024631,93343.105134963043383,93343.105134963043383
gen=1_member=137_pso,40185.895116511208471,40185.895116511208471,63533.657003041138523,63533.657003041138523,50000,50000,16179.729797682575736,16179.729797682575736,40185.895116511208471,40185.895116511208471,63533.657003041138523,63533.657003041138523,50000,50000,16179.729797682575736,16179.729797682575736,481163.88299486460164,481163.88299486460164,462531.96026321838144,462531.96026321838144,252382.84941722336225,252382.84941722336225,16179.729797682575736,16179.729797682575736
gen=1_member=138_pso,26824.636178255168488,26824.636178255168488,72664.576559961395105,72664.576559961395105,37446.148426468520483,37446.148426468520483,41361.381168837644509,41361.381168837644509,26824.636178255168488,26824.636178255168488,72664.576559961395105,72664.576559961395105,37446.148426468520483,37446.148426468520483,41361.381168837644509,41361.381168837644509,395430.62183716334403,395430.62183716334403,692367.78137989365496,692367.78137989365496,251747.50655469860067,251747.50655469860067,504137.11670474015409,504137.11670474015409
gen=1_member=139_pso,50000,50000,50000,50000,31303.310825466396636,31303.310825466396636,34394.530428506906901,34394.530428506906901,50000,50000,50000,50000,31303.310825466396636,31303.310825466396636,34394.530428506906901,34394.530428506906901,390639.43896858987864,390639.43896858987864,146436.13080942153465,146436.13080942153465,792996.07548092328943,792996.07548092328943,34394.530428506906901,34394.530428506906901
gen=1_member=140_pso,62497.701636591315037,62497.701636591315037,70172.311404925261741,70172.311404925261741,91350.968557042375323,91350.968557042375323,91350.968557042375323,91350.968557042375323,62497.701636591315037,62497.701636591315037,70172.311404925261741,70172.311404925261741,91350.968557042375323,91350.968557042375323,91350.968557042375323,91350.968557042375323,619012.25812591589056,619012.25812591589056,70172.311404925261741,70172.311404925261741,636875.93289567751344,636875.93289567751344,91350.968557042375323,91350.968557042375323
gen=1_member=141_pso,16846.407315076230589,16846.407315076230589,75688.913069268106483,75688.913069268106483,58436.484604902565479,58436.484604902565479,45831.996186364864116,45831.996186364864116,16846.407315076230589,16846.407315076230589,75688.913069268106483,75688.913069268106483,58436.484604902565479,58436.484604902565479,45831.996186364864116,45831.996186364864116,16846.407315076230589,16846.407315076230589,493434.83176889753668,493434.83176889753668,336691.14657680573873,336691.14657680573873,45831.996186364864116,45831.996186364864116
gen=1_member=142_pso,43486.904957745733554,43486.904957745733554,48030.783651449819445,48030.783651449819445,47416.872536108436179,47416.872536108436179,28191.371099704319931,28191.371099704319931,43486.904957745733554,43486.904957745733554,48030.783651449819445,48030.783651449819445,47416.872536108436179,47416.872536108436179,28191.371099704319931,28191.371099704319931,128710.67075141453824,128710.67075141453824,560098.01615848962683,560098.01615848962683,587161.12844028871041,587161.12844028871041,28191.371099704319931,28191.371099704319931
gen=1_member=143_pso,31312.022233953706746,31312.022233953706746,26653.70825622958364,26653.70825622958364,50000,50000,49236.728756390621129,49236.728756390621129,31312.022233953706746,31312.022233953706746,26653.70825622958364,26653.70825622958364,50000,50000,49236.728756390621129,49236.728756390621129,195223.69279894165811,195223.69279894165811,617418.41476863273419,617418.41476863273419,681870.48186924960464,681870.48186924960464,910031.32248456613161,910031.32248456613161
gen=1_member=144_pso,41360.380603052333754,41360.380603052333754,40479.448411533339822,40479.448411533339822,51786.986523083796783,51786.986523083796783,44789.468553314647579,44789.468553314647579,41360.380603052333754,41360.380603052333754,40479.448411533339822,40479.448411533339822,51786.986523083796783,51786.986523083796783,44789.468553314647579,44789.468553314647579,704672.65070277650375,704672.65070277650375,168440.7251084317395,168440.7251084317395,707632.45038477343041,707632.45038477343041,44789.468553314647579,44789.468553314647579
gen=1_member=145_pso,72672.195389508357039,72672.195389508357039,82982.629412264301209,82982.629412264301209,82982.629412264301209,82982.629412264301209,71350.86084181474871,71350.86084181474871,72672.195389508357039,72672.195389508357039,82982.629412264301209,82982.629412264301209,82982.629412264301209,82982.629412264301209,71350.86084181474871,71350.86084181474871,116539.27178200901835,116539.27178200901835,303852.61032737069763,303852.61032737069763,82982.629412264301209,82982.629412264301209,71350.86084181474871,71350.86084181474871
gen=1_member=146_pso,48057.569559808442136,48057.569559808442136,49569.669000743873767,49569.669000743873767,38750.540507067547878,38750.540507067547878,39141.358748720143922,39141.358748720143922,48057.569559808442136,48057.569559808442136,49569.669000743873767,49569.669000743873767,38750.540507067547878,38750.540507067547878,39141.358748720143922,39141.358748720143922,48057.569559808442136,48057.569559808442136,49569.669000743873767,49569.669000743873767,38750.540507067547878,38750.540507067547878,39141.358748720143922,39141.358748720143922
gen=1_member=147_pso,16666.773167142295279,16666.773167142295279,105716.28381276763685,105716.28381276763685,66666.773167142295279,66666.773167142295279,60622.221441959714866,60622.221441959714866,16666.773167142295279,16666.773167142295279,105716.28381276763685,105716.28381276763685,66666.773167142295279,66666.773167142295279,60622.221441959714866,60622.221441959714866,378228.66922746528871,378228.66922746528871,216721.44729419716168,216721.44729419716168,203023.89102917799028,203023.89102917799028,60622.221441959714866,60622.221441959714866
gen=1_member=148_pso,44198.275746237384737,44198.275746237384737,27849.935164701862959,27849.935164701862959,26934.454404732532566,26934.454404732532566,51955.806698556611082,51955.806698556611082,44198.275746237384737,44198.275746237384737,27849.935164701862959,27849.935164701862959,26934.454404732532566,26934.454404732532566,51955.806698556611082,51955.806698556611082,133408.26923500734847,133408.26923500734847,545653.56064301927108,545653.56064301927108,468748.59516390203498,468748.59516390203498,51955.806698556611082,51955.806698556611082
gen=1_member=149_pso,47118.337245196860749,47118.337245196860749,92958.689872922986979,92958.689872922986979,63785.550342335634923,63785.550342335634923,44979.709781490120804,44979.709781490120804,47118.337245196860749,47118.337245196860749,92958.689872922986979,92958.689872922986979,63785.550342335634923,63785.550342335634923,44979.709781490120804,44979.709781490120804,372256.98821750987554,372256.98821750987554,578496.25740485813003,578496.25740485813003,237307.60118239480653,237307.60118239480653,44979.709781490120804,44979.709781490120804
gen=1_member=150_pso,66578.519206483892049,66578.519206483892049,48375.997665225819219,48375.997665225819219,47179.537302102980902,47179.537302102980902,51525.984129387703433,51525.984129387703433,66578.519206483892049,66578.519206483892049,48375.997665225819219,48375.997665225819219,47179.537302102980902,47179.537302102980902,51525.984129387703433,51525.984129387703433,505436.00776873424184,505436.00776873424184,394399.6176381521509,394399.6176381521509,161685.81515251946985,161685.81515251946985,51525.984129387703433,51525.984129387703433
gen=1_member=151_pso,54887.931984974879015,54887.931984974879015,43472.186930666677654,43472.186930666677654,71180.73156257296796,71180.73156257296796,88025.97406084103568,88025.97406084103568,54887.931984974879015,54887.931984974879015,43472.186930666677654,43472.186930666677654,71180.73156257296796,71180.73156257296796,88025.97406084103568,88025.97406084103568,54887.931984974879015,54887.931984974879015,648588.8979730589781,648588.8979730589781,761873.90115525003057,761873.90115525003057,88025.97406084103568,88025.97406084103568
gen=1_member=152_pso,58259.543053803354269,58259.543053803354269,79086.808622562646633,79086.808622562646633,51439.801048859473667,51439.801048859473667,66010.226685968285892,66010.226685968285892,58259.543053803354269,58259.543053803354269,79086.808622562646633,79086.808622562646633,51439.801048859473667,51439.801048859473667,66010.226685968285892,66010.226685968285892,467580.9839981275145,467580.9839981275145,117955.06218390949653,117955.06218390949653,830549.58274075086229,830549.58274075086229,66010.226685968285892,66010.226685968285892
gen=1_member=153_pso,50516.023984055689652,50516.023984055689652,33148.254266198840924,33148.254266198840924,9547.1905909206088836,9547.1905909206088836,69964.210466668228037,69964.210466668228037,50516.023984055689652,50516.023984055689652,33148.254266198840924,33148.254266198840924,9547.1905909206088836,9547.1905909206088836,69964.210466668228037,69964.210466668228037,379431.65516836149618,379431.65516836149618,61469.181791314505972,61469.181791314505972,385017.28496587794507,385017.28496587794507,188281.55632296216208,188281.55632296216208
gen=1_member=154_pso,18129.375799575747806,18129.375799575747806,96849.190105271583889,96849.190105271583889,45728.964216535685409,45728.964216535685409,35210.219145682145609,35210.219145682145609,18129.375799575747806,18129.375799575747806,96849.190105271583889,96849.190105271583889,45728.964216535685409,45728.964216535685409,35210.219145682145609,35210.219145682145609,18129.375799575747806,18129.375799575747806,242638.76759785989998,242638.76759785989998,373815.33906132203992,373815.33906132203992,35210.219145682145609,35210.219145682145609
gen=1_member=155_pso,33859.624560571450274,33859.624560571450274,74587.374653802253306,74587.374653802253306,70718.685520515427925,70718.685520515427925,74820.076234993670369,74820.076234993670369,33859.624560571450274,33859.624560571450274,74587.374653802253306,74587.374653802253306,70718.685520515427925,70718.685520515427925,74820.076234993670369,74820.076234993670369,33859.624560571450274,33859.624560571450274,432893.36252621782478,432893.36252621782478,607602.84153054549824,607602.84153054549824,74820.076234993670369,74820.076234993670369
gen=1_member=156_pso,60011.093320977030089,60011.093320977030089,79256.727423446907778,79256.727423446907778,28822.776318664804421,28822.776318664804421,60011.093320977030089,60011.093320977030089,60011.093320977030089,60011.093320977030089,79256.727423446907778,79256.727423446907778,28822.776318664804421,28822.776318664804421,60011.093320977030089,60011.093320977030089,60011.093320977030089,60011.093320977030089,153375.2129991754191,153375.2129991754191,211844.78156380090513,211844.78156380090513,288708.54455123317894,288708.54455123317894
gen=1_member=157_pso,87459.74908117846644,87459.74908117846644,103107.77665255233296,103107.77665255233296,80261.094685296266107,80261.094685296266107,90777.991931571654277,90777.991931571654277,87459.74908117846644,87459.74908117846644,103107.77665255233296,103107.77665255233296,80261.094685296266107,80261.094685296266107,90777.991931571654277,90777.991931571654277,366801.744920087629,366801.744920087629,668488.40035723720212,668488.40035723720212,381157.32920019386802,381157.32920019386802,90777.991931571654277,90777.991931571654277
gen=1_member=158_pso,61800.947564914611576,61800.947564914611576,81207.678279503670637,81207.678279503670637,29083.323562160418078,29083.323562160418078,74012.1364484175283,74012.1364484175283,61800.947564914611576,61800.947564914611576,81207.678279503670637,81207.678279503670637,29083.323562160418078,29083.323562160418078,74012.1364484175283,74012.1364484175283,387516.06790819577873,387516.06790819577873,481299.83515818597516,481299.83515818597516,376967.29035916918656,376967.29035916918656,74012.1364484175283,74012.1364484175283
gen=1_member=159_pso,55784.872223627033236,55784.872223627033236,118932.29740071804554,118932.29740071804554,36276.524657912232215,36276.524657912232215,90263.806108690769179,90263.806108690769179,55784.872223627033236,55784.872223627033236,118932.29740071804554,118932.29740071804554,36276.524657912232215,36276.524657912232215,90263.806108690769179,90263.806108690769179,67984.962115451373393,67984.962115451373393,484302.48631075531011,484302.48631075531011,591817.43636211066041,591817.43636211066041,90263.806108690769179,90263.806108690769179
gen=1_member=160_pso,51206.932076118886471,51206.932076118886471,67685.01782617646677,67685.01782617646677,53283.259610445995349,53283.259610445995349,41735.503066886900342,41735.503066886900342,51206.932076118886471,51206.932076118886471,67685.01782617646677,67685.01782617646677,53283.259610445995349,53283.259610445995349,41735.503066886900342,41735.503066886900342,51206.932076118886471,51206.932076118886471,144429.8676657898468,144429.8676657898468,529904.22717623459175,529904.22717623459175,41735.503066886900342,41735.503066886900342
gen=1_member=161_pso,57142.010258536050969,57142.010258536050969,64476.289414454673533,64476.289414454673533,57522.669039003703801,57522.669039003703801,30640.446161726773425,30640.446161726773425,57142.010258536050969,57142.010258536050969,64476.289414454673533,64476.289414454673533,57522.669039003703801,57522.669039003703801,30640.446161726773425,30640.446161726773425,126475.17563931713812,126475.17563931713812,724526.46093125035986,724526.46093125035986,57522.669039003703801,57522.669039003703801,30640.446161726773425,30640.446161726773425
gen=1_member=162_pso,59076.79731959743367,59076.79731959743367,79104.734495607350254,79104.734495607350254,75968.337027272587875,75968.337027272587875,100977.55407721266965,100977.55407721266965,59076.79731959743367,59076.79731959743367,79104.734495607350254,79104.734495607350254,75968.337027272587875,75968.337027272587875,100977.55407721266965,100977.55407721266965,156882.39594892167952,156882.39594892167952,172259.27888763620285,172259.27888763620285,525567.34071947075427,525567.34071947075427,618460.32970347546507,618460.32970347546507
gen=1_member=163_pso,25550.574791719242057,25550.574791719242057,75038.135143005987629,75038.135143005987629,50000,50000,71098.30310407440993,71098.30310407440993,25550.574791719242057,25550.574791719242057,75038.135143005987629,75038.135143005987629,50000,50000,71098.30310407440993,71098.30310407440993,116498.60419975608238,116498.60419975608238,656825.99249890784267,656825.99249890784267,81086.267847339971922,81086.267847339971922,71098.30310407440993,71098.30310407440993
gen=1_member=164_pso,65325.211338632892875,65325.211338632892875,97566.162183703185292,97566.162183703185292,75808.329233218915761,75808.329233218915761,101325.80555564575479,101325.80555564575479,65325.211338632892875,65325.211338632892875,97566.162183703185292,97566.162183703185292,75808.329233218915761,75808.329233218915761,101325.80555564575479,101325.80555564575479,65325.211338632892875,65325.211338632892875,250441.80263523277245,250441.80263523277245,562554.69317181711085,562554.69317181711085,391058.79299958352931,391058.79299958352931
gen=1_member=165_pso,48768.760392555072031,48768.760392555072031,73254.364632462442387,73254.364632462442387,64088.222045472044556,64088.222045472044556,72902.738531506533036,72902.738531506533036,48768.760392555072031,48768.760392555072031,73254.364632462442387,73254.364632462442387,64088.222045472044556,64088.222045472044556,72902.738531506533036,72902.738531506533036,157582.55238458552049,157582.55238458552049,238552.96614216009039,238552.96614216009039,745316.51739039109088,745316.51739039109088,421493.7004239030648,421493.7004239030648
gen=1_member=166_pso,82471.056080532362103,82471.056080532362103,41216.624795157411427,41216.624795157411427,55659.493731287911942,55659.493731287911942,71409.45818700583186,71409.45818700583186,82471.056080532362103,82471.056080532362103,41216.624795157411427,41216.624795157411427,55659.493731287911942,55659.493731287911942,71409.45818700583186,71409.45818700583186,513882.70000596984755,513882.70000596984755,299498.61057339102263,299498.61057339102263,681717.02853098814376,681717.02853098814376,837714.34423192637041,837714.34423192637041
gen=1_member=167_pso,61038.758070894691627,61038.758070894691627,69620.417049369701999,69620.417049369701999,61038.758070894691627,61038.758070894691627,71092.168610781867756,71092.168610781867756,61038.758070894691627,61038.758070894691627,69620.417049369701999,69620.417049369701999,61038.758070894691627,61038.758070894691627,71092.168610781867756,71092.168610781867756,277826.45080736128148,277826.45080736128148,69620.417049369701999,69620.417049369701999,383236.74760094762314,383236.74760094762314,71092.168610781867756,71092.168610781867756
gen=1_member=168_pso,69435.809739871736383,69435.809739871736383,104125.45576044234622,104125.45576044234622,43030.117462230075034,43030.117462230075034,93584.5816547635186,93584.5816547635186,69435.809739871736383,69435.809739871736383,104125.45576044234622,104125.45576044234622,43030.117462230075034,43030.117462230075034,93584.5816547635186,93584.5816547635186,69435.809739871736383,69435.809739871736383,695624.42759085481521,695624.42759085481521,231209.1379078507307,231209.1379078507307,270617.18046469276305,270617.18046469276305
gen=1_member=169_pso,51052.250897904908925,51052.250897904908925,71107.141755769684096,71107.141755769684096,70828.456222411725321,70828.456222411725321,71107.141755769684096,71107.141755769684096,51052.250897904908925,51052.250897904908925,71107.141755769684096,71107.141755769684096,70828.456222411725321,70828.456222411725321,71107.141755769684096,71107.141755769684096,203794.72211821051314,203794.72211821051314,936465.75431232189294,936465.75431232189294,932608.11293438076973,932608.11293438076973,71107.141755769684096,71107.141755769684096
gen=1_member=170_pso,51401.33056263969047,51401.33056263969047,88723.887940677508595,88723.887940677508595,88723.887940677508595,88723.887940677508595,92476.196154487057356,92476.196154487057356,51401.33056263969047,51401.33056263969047,88723.887940677508595,88723.887940677508595,88723.887940677508595,88723.887940677508595,92476.196154487057356,92476.196154487057356,795228.71766347019002,795228.71766347019002,222529.50737551262137,222529.50737551262137,210903.36398842412746,210903.36398842412746,875460.04399253416341,875460.04399253416341
gen=1_member=171_pso,1193.6723789422198934,1193.6723789422198934,20042.793484172245371,20042.793484172245371,34162.902080975727586,34162.902080975727586,20043.587318940215482,20043.587318940215482,1193.6723789422198934,1193.6723789422198934,20042.793484172245371,20042.793484172245371,34162.902080975727586,34162.902080975727586,20043.587318940215482,20043.587318940215482,159039.37386790927849,159039.37386790927849,558453.33744531089906,558453.33744531089906,250090.76623330227449,250090.76623330227449,20043.587318940215482,20043.587318940215482
gen=1_member=172_pso,36089.114584667026065,36089.114584667026065,73761.514313307765406,73761.514313307765406,40926.170825811743271,40926.170825811743271,63239.317263499877299,63239.317263499877299,36089.114584667026065,36089.114584667026065,73761.514313307765406,73761.514313307765406,40926.170825811743271,40926.170825811743271,63239.317263499877299,63239.317263499877299,36089.114584667026065,36089.114584667026065,209495.93933536583791,209495.93933536583791,629882.32542083202861,629882.32542083202861,63239.317263499877299,63239.317263499877299
gen=1_member=173_pso,71216.948497394274455,71216.948497394274455,117262.55071373155806,117262.55071373155806,71832.587517767256941,71832.587517767256941,60864.138678736781003,60864.138678736781003,71216.948497394274455,71216.948497394274455,117262.55071373155806,117262.55071373155806,71832.587517767256941,71832.587517767256941,60864.138678736781003,60864.138678736781003,157517.45576115191216,157517.45576115191216,594763.26782889349852,594763.26782889349852,71832.587517767256941,71832.587517767256941,60864.138678736781003,60864.138678736781003
gen=1_member=174_pso,55805.902046831623011,55805.902046831623011,61776.503563162084902,61776.503563162084902,62424.741409576454316,62424.741409576454316,89713.37164826298249,89713.37164826298249,55805.902046831623011,55805.902046831623011,61776.503563162084902,61776.503563162084902,62424.741409576454316,62424.741409576454316,89713.37164826298249,89713.37164826298249,55805.902046831623011,55805.902046831623011,114624.26914492683136,114624.26914492683136,62424.741409576454316,62424.741409576454316,89713.37164826298249,89713.37164826298249
gen=1_member=175_pso,44733.854070583736757,44733.854070583736757,79938.709969979085145,79938.709969979085145,65822.28395428910153,65822.28395428910153,65822.28395428910153,65822.28395428910153,44733.854070583736757,44733.854070583736757,79938.709969979085145,79938.709969979085145,65822.28395428910153,65822.28395428910153,65822.28395428910153,65822.28395428910153,44733.854070583736757,44733.854070583736757,617547.4595468188636,617547.4595468188636,758759.57623925246298,758759.57623925246298,65822.28395428910153,65822.28395428910153
gen=1_member=176_pso,65706.099906588875456,65706.099906588875456,91991.337589298083913,91991.337589298083913,63772.627193411179178,63772.627193411179178,81373.566741304457537,81373.566741304457537,65706.099906588875456,65706.099906588875456,91991.337589298083913,91991.337589298083913,63772.627193411179178,63772.627193411179178,81373.566741304457537,81373.566741304457537,220057.77309934815275,220057.77309934815275,296813.89396741631208,296813.89396741631208,63772.627193411179178,63772.627193411179178,81373.566741304457537,81373.566741304457537
gen=1_member=177_pso,75371.110946582455654,75371.110946582455654,101403.72998646981432,101403.72998646981432,80786.911187768506352,80786.911187768506352,123660.07459812592424,123660.07459812592424,75371.110946582455654,75371.110946582455654,101403.72998646981432,101403.72998646981432,80786.911187768506352,80786.911187768506352,123660.07459812592424,123660.07459812592424,75371.110946582455654,75371.110946582455654,492868.93132622470148,492868.93132622470148,888611.7394933863543,888611.7394933863543,161891.08832753315801,161891.08832753315801
gen=1_member=178_pso,58580.287816940050106,58580.287816940050106,59869.805900358609506,59869.805900358609506,63344.345558313390939,63344.345558313390939,73870.983495171240065,73870.983495171240065,58580.287816940050106,58580.287816940050106,59869.805900358609506,59869.805900358609506,63344.345558313390939,63344.345558313390939,73870.983495171240065,73870.983495171240065,58580.287816940050106,58580.287816940050106,549281.83119937148876,549281.83119937148876,86771.915778525726637,86771.915778525726637,73870.983495171240065,73870.983495171240065
gen=1_member=179_pso,50368.135484609680134,50368.135484609680134,91306.154556963272626,91306.154556963272626,67102.587061583646573,67102.587061583646573,74577.727210300523438,74577.727210300523438,50368.135484609680134,50368.135484609680134,91306.154556963272626,91306.154556963272626,67102.587061583646573,67102.587061583646573,74577.727210300523438,74577.727210300523438,50368.135484609680134,50368.135484609680134,624434.2429567099316,624434.2429567099316,67102.587061583646573,67102.587061583646573,263124.32106773194391,263124.32106773194391
gen=1_member=180_pso,75279.439860203972785,75279.439860203972785,71830.383922579669161,71830.383922579669161,45354.95652218523901,45354.95652218523901,28445.069560689702485,28445.069560689702485,75279.439860203972785,75279.439860203972785,71830.383922579669161,71830.383922579669161,45354.95652218523901,45354.95652218523901,28445.069560689702485,28445.069560689702485,431623.14843699370977,431623.14843699370977,240952.40794440286118,240952.40794440286118,337785.23500987980515,337785.23500987980515,28445.069560689702485,28445.069560689702485
gen=1_member=181_pso,38030.38631760579301,38030.38631760579301,47471.263233566642157,47471.263233566642157,70703.796308779215906,70703.796308779215906,73982.547019623307278,73982.547019623307278,38030.38631760579301,38030.38631760579301,47471.263233566642157,47471.263233566642157,70703.796308779215906,70703.796308779215906,73982.547019623307278,73982.547019623307278,38030.38631760579301,38030.38631760579301,238858.81151361949742,238858.81151361949742,70703.796308779215906,70703.796308779215906,73982.547019623307278,73982.547019623307278
gen=1_member=182_pso,44866.483853562414879,44866.483853562414879,19281.83839474357228,19281.83839474357228,55833.599407066794811,55833.599407066794811,36401.101789041356824,36401.101789041356824,44866.483853562414879,44866.483853562414879,19281.83839474357228,19281.83839474357228,55833.599407066794811,55833.599407066794811,36401.101789041356824,36401.101789041356824,181231.91168961199583,181231.91168961199583,19281.83839474357228,19281.83839474357228,361839.53090485767461,361839.53090485767461,284992.03556876588846,284992.03556876588846
gen=1_member=183_pso,24173.893867084854719,24173.893867084854719,36489.072522658869275,36489.072522658869275,9601.7296084658664768,9601.7296084658664768,24122.299955495887843,24122.299955495887843,24173.893867084854719,24173.893867084854719,36489.072522658869275,36489.072522658869275,9601.7296084658664768,9601.7296084658664768,24122.299955495887843,24122.299955495887843,383606.63065328908851,383606.63065328908851,556757.96487890998833,556757.96487890998833,310487.04554103984265,310487.04554103984265,24122.299955495887843,24122.299955495887843
gen=1_member=184_pso,26632.803843311892706,26632.803843311892706,57754.731217079883208,57754.731217079883208,44681.350635653332574,44681.350635653332574,45610.256541233677126,45610.256541233677126,26632.803843311892706,26632.803843311892706,57754.731217079883208,57754.731217079883208,44681.350635653332574,44681.350635653332574,45610.256541233677126,45610.256541233677126,1018678.3514961112523,1018678.3514961112523,792640.10446972679347,792640.10446972679347,230690.90311542028212,230690.90311542028212,45610.256541233677126,45610.256541233677126
gen=1_member=185_pso,58869.980704416208027,58869.980704416208027,30213.836584478071018,30213.836584478071018,61765.324266985182476,61765.324266985182476,53123.458868631525547,53123.458868631525547,58869.980704416208027,58869.980704416208027,30213.836584478071018,30213.836584478071018,61765.324266985182476,61765.324266985182476,53123.458868631525547,53123.458868631525547,381860.94415109622059,381860.94415109622059,448735.04516258119838,448735.04516258119838,61765.324266985182476,61765.324266985182476,53123.458868631525547,53123.458868631525547
gen=1_member=186_pso,41153.113143042101001,41153.113143042101001,67142.517968897765968,67142.517968897765968,43994.112982825463405,43994.112982825463405,51791.660086963820504,51791.660086963820504,41153.113143042101001,41153.113143042101001,67142.517968897765968,67142.517968897765968,43994.112982825463405,43994.112982825463405,51791.660086963820504,51791.660086963820504,451896.33757569961017,451896.33757569961017,520563.36831854045158,520563.36831854045158,200991.11643882209319,200991.11643882209319,998596.03753847116604,998596.03753847116604
gen=1_member=187_pso,53722.693610449729022,53722.693610449729022,65512.166011900713784,65512.166011900713784,42423.766901878043427,42423.766901878043427,43987.681253812683281,43987.681253812683281,53722.693610449729022,53722.693610449729022,65512.166011900713784,65512.166011900713784,42423.766901878043427,42423.766901878043427,43987.681253812683281,43987.681253812683281,574895.74028778751381,574895.74028778751381,653839.22980864555575,653839.22980864555575,767066.37504908454139,767066.37504908454139,556102.24969858350232,556102.24969858350232
gen=1_member=188_pso,9449.3785354875144549,9449.3785354875144549,26226.090599742568884,26226.090599742568884,20582.235846687792218,20582.235846687792218,42408.919565587719262,42408.919565587719262,9449.3785354875144549,9449.3785354875144549,26226.090599742568884,26226.090599742568884,20582.235846687792218,20582.235846687792218,42408.919565587719262,42408.919565587719262,345254.79867930978071,345254.79867930978071,26226.090599742568884,26226.090599742568884,44154.18188866203127,44154.18188866203127,269496.70801053522155,269496.70801053522155
gen=1_member=189_pso,14412.530315098752908,14412.530315098752908,45425.432184257282643,45425.432184257282643,57456.598802386106399,57456.598802386106399,21422.653404183904058,21422.653404183904058,14412.530315098752908,14412.530315098752908,45425.432184257282643,45425.432184257282643,57456.598802386106399,57456.598802386106399,21422.653404183904058,21422.653404183904058,388422.99558726459509,388422.99558726459509,45425.432184257282643,45425.432184257282643,549488.74273747939151,549488.74273747939151,673076.23434162815101,673076.23434162815101
gen=1_member=190_pso,53457.876363520408631,53457.876363520408631,69692.429385291994549,69692.429385291994549,69692.429385291994549,69692.429385291994549,69692.429385291994549,69692.429385291994549,53457.876363520408631,53457.876363520408631,69692.429385291994549,69692.429385291994549,69692.429385291994549,69692.429385291994549,69692.429385291994549,69692.429385291994549,250264.98361322318669,250264.98361322318669,491598.72249425196787,491598.72249425196787,69692.429385291994549,69692.429385291994549,337515.1989785633632,337515.1989785633632
gen=1_member=191_pso,23509.350935134039901,23509.350935134039901,40779.88441458579473,40779.88441458579473,50000,50000,47626.725071185297566,47626.725071185297566,23509.350935134039901,23509.350935134039901,40779.88441458579473,40779.88441458579473,50000,50000,47626.725071185297566,47626.725071185297566,23509.350935134039901,23509.350935134039901,415764.2380261211074,415764.2380261211074,1018773.1370891655097,1018773.1370891655097,313977.07227438036352,313977.07227438036352
gen=1_member=192_pso,42145.546915041064494,42145.546915041064494,76360.370854176668217,76360.370854176668217,70419.847782489436213,70419.847782489436213,86268.807949725480285,86268.807949725480285,42145.546915041064494,42145.546915041064494,76360.370854176668217,76360.370854176668217,70419.847782489436213,70419.847782489436213,86268.807949725480285,86268.807949725480285,42145.546915041064494,42145.546915041064494,341757.88332931220066,341757.88332931220066,230157.96703326393617,230157.96703326393617,86268.807949725480285,86268.807949725480285
gen=1_member=193_pso,34871.198854667090927,34871.198854667090927,76631.713849256542744,76631.713849256542744,71946.369883637788007,71946.369883637788007,53193.388336756259378,53193.388336756259378,34871.198854667090927,34871.198854667090927,76631.713849256542744,76631.713849256542744,71946.369883637788007,71946.369883637788007,53193.388336756259378,53193.388336756259378,34871.198854667090927,34871.198854667090927,366986.23615401773714,366986.23615401773714,71946.369883637788007,71946.369883637788007,408330.30880543380044,408330.30880543380044
gen=1_member=194_pso,86221.431201108411187,86221.431201108411187,67394.062041143275565,67394.062041143275565,87782.301222116628196,87782.301222116628196,62930.945175685876166,62930.945175685876166,86221.431201108411187,86221.431201108411187,67394.062041143275565,67394.062041143275565,87782.301222116628196,87782.301222116628196,62930.945175685876166,62930.945175685876166,852981.30541499017272,852981.30541499017272,313229.90175711247139,313229.90175711247139,87782.301222116628196,87782.301222116628196,983358.59285383182578,983358.59285383182578
gen=1_member=195_pso,46231.785689492098754,46231.785689492098754,39138.317713511831244,39138.317713511831244,44773.859294289628451,44773.859294289628451,84411.131474351277575,84411.131474351277575,46231.785689492098754,46231.785689492098754,39138.317713511831244,39138.317713511831244,44773.859294289628451,44773.859294289628451,84411.131474351277575,84411.131474351277575,872693.78463645104785,872693.78463645104785,39138.317713511831244,39138.317713511831244,44773.859294289628451,44773.859294289628451,167898.61644611984957,167898.61644611984957
gen=1_member=196_pso,16327.958009547550319,16327.958009547550319,44320.521273895756167,44320.521273895756167,15878.051375260332861,15878.051375260332861,66948.452800613318686,66948.452800613318686,16327.958009547550319,16327.958009547550319,44320.521273895756167,44320.521273895756167,15878.051375260332861,15878.051375260332861,66948.452800613318686,66948.452800613318686,16327.958009547550319,16327.958009547550319,44320.521273895756167,44320.521273895756167,1015878.0513752603438,1015878.0513752603438,449176.02227305801352,449176.02227305801352
gen=1_member=197_pso,30878.977135496475967,30878.977135496475967,51317.916841363643471,51317.916841363643471,44660.722359194493038,44660.722359194493038,51299.77900592329388,51299.77900592329388,30878.977135496475967,30878.977135496475967,51317.916841363643471,51317.916841363643471,44660.722359194493038,44660.722359194493038,51299.77900592329388,51299.77900592329388,415547.84668470418546,415547.84668470418546,509725.06175223074388,509725.06175223074388,1044660.7223591945367,1044660.7223591945367,525744.50169767648913,525744.50169767648913
gen=1_member=198_pso,22987.022883412457304,22987.022883412457304,82811.116906435679994,82811.116906435679994,27250.86186630922748,27250.86186630922748,90016.197847876232117,90016.197847876232117,22987.022883412457304,22987.022883412457304,82811.116906435679994,82811.116906435679994,27250.86186630922748,27250.86186630922748,90016.197847876232117,90016.197847876232117,22987.022883412457304,22987.022883412457304,885185.15258833742701,885185.15258833742701,607182.02215873950627,607182.02215873950627,90016.197847876232117,90016.197847876232117
gen=1_member=199_pso,45590.42419638318097,45590.42419638318097,44590.977277195423085,44590.977277195423085,40958.587679992095218,40958.587679992095218,65914.685105847165687,65914.685105847165687,45590.42419638318097,45590.42419638318097,44590.977277195423085,44590.977277195423085,40958.587679992095218,40958.587679992095218,65914.685105847165687,65914.685105847165687,45590.42419638318097,45590.42419638318097,44590.977277195423085,44590.977277195423085,40958.587679992095218,40958.587679992095218,491731.15597182372585,491731.15597182372585
